source_id	subjects_num	sessions_num	sessions_min	sessions_max	bold_num	t1w_num	t2w_num	bold_size	t1w_size	bold_size_max	bold_duration_total	bold_duration_mean	bold_voxels_total	bold_voxels_mean	datatypes
ds006131	12	18	1	2	720	36	22	507769794516	491439360	705235825	382700.5280828476	531.5285112261772	627264000	871200.0	anat,dwi,fmap,func,perf
ds006185	12	24	2	2	768	48	14	609248326302	854800640	793292091	407424.9686050415	530.5012612044811	633320488	824636.0520833334	anat,fmap,func
ds006189	12	12	1	1	48	0	0	13568148290	0	282669756	25279.137528777122	526.64869851619	43326192	902629.0	func
ds006191	12	12	1	1	0	0	0	0	0	n/a	n/a	n/a	n/a	n/a	func
